0	M1911	Rusty Service 1911
0	AK-47	Cracked-Stock AK
0	Mini-Uzi	Jammed Mini-Uzi
0	W1200	Bent-Barrel Pump Gun
0	M16A4	Pitted M16
0	Ranger	Salvaged Ranger
0	MP5K	Taped-Up MP5K
0	FAL	Warped FAL
0	Striker	Scrap-Welded Striker
0	.44 Magnum	Corroded .44
0	UMP45	Dented UMP
0	TAR-21	Cheap Knockoff Bullpup
0	L86 LSW	Frayed-Sling LSW
0	RPD	Mud-Caked RPD
0	ACR	Gutted ACR
0	Desert Eagle	Wobbly Desert Eagle
0	FAMAS	Scratched FAMAS
0	M240	Leaking M240
0	Intervention	Cracked-Scope Intervention
0	SPAS-12	Pawn Shop SPAS
1	M4A1	Standard Issue M4
1	AK-47	Militia AK
1	M16A4	Recruit's Rifle
1	FAMAS	Field FAMAS
1	UMP45	Soldier's UMP
1	MP5K	Training MP5K
1	Vector	Basic Vector
1	M1911	Plain 1911
1	Desert Eagle	Service Desert Eagle
1	Ranger	Hunter's Ranger
1	W1200	Patrol Shotgun
1	M1014	Garrison M1014
1	FAL	Infantry FAL
1	SCAR-H	Standard SCAR
1	TAR-21	Quartermaster's TAR
1	ACR	Barracks ACR
1	F2000	Reserve F2000
1	P90	Standard P90
1	Mini-Uzi	Street Mini-Uzi
1	L86 LSW	Platoon LSW
1	RPD	Squad RPD
1	AUG HBAR	Basic AUG HBAR
1	Intervention	Standard Intervention
1	M21 EBR	Sentry EBR
1	.44 Magnum	Basic .44 Magnum
2	M4A1	Mercenary's M4 of the Bear
2	FAMAS	Scout's FAMAS of the Eagle
2	AK-47	Veteran's AK of the Wolf
2	M16A4	Sergeant's M16 of Striking
2	SCAR-H	Marauder's SCAR of the Boar
2	MP5K	Courier's MP5K of Agility
2	Vector	Smuggler's Vector of Speed
2	W1200	Bouncer's Pump Gun of the Monkey
2	Ranger	Trapper's Ranger of the Falcon
2	Desert Eagle	Sheriff's Desert Eagle of Power
2	.44 Magnum	Marshal's .44 of the Tiger
2	M1911	Officer's 1911 of Accuracy
2	FAL	Rifleman's FAL of the Whale
2	UMP45	Duelist's UMP of Precision
2	RPD	Gunner's RPD of Endurance
2	L86 LSW	Defender's LSW of the Bear
2	M21 EBR	Sniper's EBR of the Eagle
2	Intervention	Lookout's Intervention of Piercing
2	ACR	Trooper's ACR of the Monkey
2	AA-12	Raider's AA-12 of the Boar
2	P90	Driller's P90 of Quickness
2	SPAS-12	Enforcer's SPAS of Stamina
2	M1014	Warden's M1014 of the Gorilla
2	F2000	Ambusher's F2000 of the Tiger
2	TAR-21	Ranger's TAR-21 of the Wolf
3	SCAR-H	Blackwater Contract SCAR
3	M4A1	Ridgeback M4A1
3	AUG HBAR	Ironclad AUG
3	Desert Eagle	Red Circle Desert Eagle
3	WA2000	Nightwatch WA2000
3	M21 EBR	Highland Marksman's EBR
3	Barrett .50 Cal	Deadbolt Barrett
3	Vector	Cobra Vector
3	Mini-Uzi	Sidewinder Mini-Uzi
3	MG4	Longhaul MG4
3	F2000	Steelwind F2000
3	Striker	Gravedigger's Striker
3	SPAS-12	Dockworker's SPAS
3	.44 Magnum	Hammerfall .44
3	Intervention	Falconer's Intervention
3	ACR	Highroad ACR
3	TAR-21	Vanguard TAR-21
3	UMP45	Redline UMP
3	M240	Coldiron M240
3	AA-12	Thornwall AA-12
4	AK-47	Warlord's Kalashnikov
4	Barrett .50 Cal	Executioner's Barrett
4	WA2000	Widowmaker
4	AA-12	The Gravedigger's Due
4	M240	Last Stand
4	M4A1	Dawnbringer M4A1
4	Mini-Uzi	Hellhound
4	M1911	The Peacemaker
4	Desert Eagle	Judgment Day
4	F2000	Stormcaller's Fury
